"URL","FILE"
"data::exception","com/hnsmall/presentation/web/jsinterface/bridge/GASender.java"
"data:image","x3/e.java"
"http://localhost/","retrofit2/Response.java"
"http://ns.adobe.com/xap/1.0/","i0/a.java"
"http://ns.adobe.com/xap/1.0/","u1/a.java"
"http://tsto.re/0000413175","com/hnsmall/base/c0.java"
"http://www.example.com","com/navercorp/nid/util/NidApplicationUtil.java"
"http://www.w3.org/ns/ttml#parameter","o2/c.java"
"https://developer.android.com/training/material/palette-colors#set-up-the-library)","com/tms/sdk/common/util/c.java"
"https://developer.apple.com/streaming/emsg-id3                                                   https://aomedia.org/emsg/id3","x1/a.java"
"https://exceptions.singular.net/v2/exceptions/android                                                   https://sdk-api-v1.singular.net/api/v1","com/singular/sdk/internal/Constants.java"
"https://image.hnsmall.com/images                                                   data::error","b5/o.java"
"https://issuetracker.google.com/issues/new?component=907884&template=1466542","b0/l.java"
"https://livevod.hnsmall.com:2935/live/mp4:a.stream/playlist.m3u8","com/hnsmall/presentation/popup/ShakeGesturePopup.java"
"https://m.hnsmall.com","v4/e.java"
"https://mpush-api.hnsmall.com/msg-api/","com/hnsmall/presentation/InitViewModel.java"
"https://nid.naver.com","com/navercorp/nid/cookie/NidOAuthCookieManager.java"
"https://nid.naver.com/","com/navercorp/nid/scheme/api/NidSchemeService.java"
"https://nid.naver.com/oauth2.0/","com/navercorp/nid/oauth/api/NidOAuthLoginService.java"
"https://nid.naver.com/oauth2.0/authorize?","com/navercorp/nid/oauth/NidOAuthQuery.java"
"https://onesto.re/                                                   http://m.ahnlab.com/kr/site/download                                                   javascript:iswifi(                                                   http://market.android.com","r5/f.java"
"https://openapi.naver.com                                                   https://image.hnsmall.com","com/hnsmall/common/di/ServiceModule.java"
"https://openapi.naver.com/v1/","com/navercorp/nid/profile/api/NidProfileService.java"
"https://payco/oauth2.0/appcallback                                                   https://payco/agreement/appcallback                                                   javascript:fillsmsinfo(                                                   javascript:fillphonenumber(","com/toast/android/paycologin/auth/PaycoLoginConstants.java"
"https://sdk-api-v1.singular.net/api/v1","com/singular/sdk/BuildConfig.java"
"https://sdk-api-v1.singular.net/api/v1","com/singular/sdk/internal/BaseApi.java"
"https://sdk-api-v1.singular.net/api/v1/shorten_link","com/singular/sdk/internal/ReferrerLinkService.java"
"https://service-api.flarelane.com/","com/flarelane/j.java"
"https://stgm5.hnsmall.com                                                   https://stgm6.hnsmall.com                                                   https://mp1.hnsmall.com                                                   https://mp2.hnsmall.com                                                   https://mp3.hnsmall.com","com/hnsmall/presentation/dev/a.java"
"javascript:%s(%s);","com/toast/android/paycologin/util/JavascriptInvoker.java"
"javascript:parent.location.href=';","com/tms/sdk/DefaultDialog.java"
"javascript:try{","y4/k.java"
"javascript:try{gacall('app_pv');}catch(err){}                                                   javascript:try{maincloselayer();}catch(err){}                                                   javascript:try{if(typeof                                                   javascript:try{homevodpause();}catch(err){}","l5/d.java"
"javascript:try{imagelimit();}catch(err){}                                                   javascript:try{imageuploadcancle();}catch(err){}                                                   javascript:try{imageuploadapp('                                                   javascript:try{gologinpage();}catch(err){}","com/hnsmall/presentation/web/jsinterface/bridge/UpLoadImage.java"
"javascript:try{maincloselayer();}catch(err){}                                                   javascript:try{closevideofn();}catch(err){}                                                   javascript:nativefocushandler(                                                   http://tsto.re/0000413175                                                   javascript:try{if(typeof                                                   javascript:try{homevodpause();}catch(err){}                                                   javascript:;                                                   javascript:try{gacall('app_pv');}catch(err){}","com/hnsmall/presentation/MainActivity.java"
"javascript:try{maincloselayer();}catch(err){}                                                   javascript:try{stopvideo();}catch(err){}                                                   javascript:try{homevodpause();}catch(err){}                                                   javascript:try{gacall('app_pv');}catch(err){}                                                   javascript:try{_satellite.sendback();}catch(err){}","com/hnsmall/presentation/main/view/MainContainerView.java"
"javascript:try{maintotvtable();}catch(err){}","com/hnsmall/presentation/main/pager/InfiniteViewPager.java"
"javascript:try{sendplayerviewstatus('","com/hnsmall/common/thirdparty/hnsplayer/HnsPlayerCustomLayout.java"
"javascript:try{sendplayerviewstatus('","com/hnsmall/common/thirdparty/hnsplayer/HnsPlayerLayout.java"
"javascript:try{sendplayerviewstatus('hide');}catch(err){}                                                   javascript:try{sendplayerviewstatus('show');}catch(err){}","com/hnsmall/common/thirdparty/hnsplayer/a.java"
"javascript:try{sendplayerviewstatus('hide');}catch(err){}                                                   javascript:try{sendplayerviewstatus('show');}catch(err){}","com/hnsmall/common/thirdparty/hnsplayer/c.java"
"javascript:try{window.hnsapp.getmessageiconew('n');}catch(err){}","r5/g.java"
"javascript:try{window.hnsapp.getmessageiconew('n');}catch(err){}","r5/c.java"
"www.mrmention.co.kr","com/hnsmall/MainApplication.java"